course_id,course_name,user_id,final_score,current_score,failed,total_activity_time,page_views,page_views_level,participations,participations_level,on_time,late,missing,morning_activity,afternoon_activity,evening_activity,night_activity,dominant_time,is_morning_studier,is_evening_studier,time_concentration,activity_span_days,unique_active_hours,avg_gap_hours,gap_std_hours,modules_completed,first_module_time
86005,TALL DE COMPETENCIAS DIGITALES-P01,117656,78.55,78.55,0,11570,1751,3,16,3,12,0,4,250,674,551,276,afternoon,0,0,0.38492290119931466,136,97,34.135416666666664,43.942580856458456,4,2025-07-30T00:14:51+00:00
86005,TALL DE COMPETENCIAS DIGITALES-P01,89587,70.39,79.99,0,9710,1505,3,16,3,14,0,4,182,252,341,730,night,0,0,0.4850498338870432,127,83,37.40243902439025,42.34321431976095,4,2025-08-08T02:46:00+00:00
86005,TALL DE COMPETENCIAS DIGITALES-P01,119221,76.91,93.79,0,2946,231,1,5,1,5,0,13,22,3,132,74,evening,0,1,0.5714285714285714,124,16,198.86666666666667,344.03621256425254,4,2025-08-18T00:33:18+00:00
86005,TALL DE COMPETENCIAS DIGITALES-P01,69538,64.54,84.92,0,3787,491,2,14,2,10,0,8,203,86,158,44,morning,1,0,0.4134419551934827,118,31,94.43333333333334,141.81929425230624,4,2025-08-08T17:19:18+00:00
86005,TALL DE COMPETENCIAS DIGITALES-P01,117370,91.44,97.28,0,54588,1589,3,11,2,9,0,9,367,606,417,199,afternoon,0,0,0.38137193203272496,131,128,24.755905511811022,39.22190383848649,4,2025-07-29T23:04:22+00:00
86005,TALL DE COMPETENCIAS DIGITALES-P01,89048,83.28,88.6,0,13691,881,2,6,1,6,0,12,229,220,298,134,evening,0,1,0.33825198637911463,133,82,39.41975308641975,55.19546953083339,4,2025-08-12T12:14:35+00:00
86005,TALL DE COMPETENCIAS DIGITALES-P01,114353,86.21,86.21,0,7279,926,2,14,2,11,0,5,156,286,437,47,evening,0,1,0.4719222462203024,127,57,54.767857142857146,61.83820798532842,4,2025-08-08T14:45:07+00:00
86005,TALL DE COMPETENCIAS DIGITALES-P01,117500,84.79,90.2,0,10767,1142,3,13,2,9,0,5,188,412,393,149,afternoon,0,0,0.3607705779334501,127,55,56.629629629629626,68.7389846518985,4,2025-08-08T02:46:01+00:00
86005,TALL DE COMPETENCIAS DIGITALES-P01,118521,81.0,81.0,0,14865,1003,2,12,2,11,0,3,60,313,421,209,evening,0,1,0.419740777666999,135,54,61.471698113207545,52.78243124430522,4,2025-08-08T17:56:13+00:00
86005,TALL DE COMPETENCIAS DIGITALES-P01,90156,57.4,82.0,0,3771,286,1,2,1,2,0,16,154,72,46,14,morning,1,0,0.5384615384615384,131,28,116.85185185185185,141.9827072683054,4,2025-08-25T21:05:48+00:00
86005,TALL DE COMPETENCIAS DIGITALES-P01,116946,69.64,79.14,0,4524,419,1,12,2,7,4,7,38,239,89,53,afternoon,0,0,0.5704057279236276,123,35,87.0,121.24428428007745,4,2025-08-08T16:10:35+00:00
86005,TALL DE COMPETENCIAS DIGITALES-P01,116250,59.68,91.82,0,29683,1425,3,21,3,16,0,2,332,304,473,316,evening,0,1,0.3319298245614035,115,86,32.71764705882353,41.542214323917015,4,2025-08-16T01:52:19+00:00
86005,TALL DE COMPETENCIAS DIGITALES-P01,116714,85.86,85.86,0,9418,740,2,19,3,17,0,1,104,288,267,81,afternoon,0,0,0.3891891891891892,130,78,40.753246753246756,42.168233210036156,4,2025-08-10T17:16:34+00:00
86005,TALL DE COMPETENCIAS DIGITALES-P01,64002,27.3,78.0,1,2036,437,2,7,2,5,0,13,135,155,87,60,afternoon,0,0,0.35469107551487417,132,31,106.13333333333334,232.0334362878668,4,2025-08-25T01:50:12+00:00
86005,TALL DE COMPETENCIAS DIGITALES-P01,118412,69.8,85.12,0,4007,697,2,13,2,10,0,7,153,160,276,108,evening,0,1,0.39598278335724535,129,57,55.625,73.2935785776236,4,2025-07-30T04:13:22+00:00
86005,TALL DE COMPETENCIAS DIGITALES-P01,113389,77.65,88.24,0,3766,649,2,10,2,9,0,6,115,281,189,64,afternoon,0,0,0.43297380585516176,134,37,89.36111111111111,132.85082544338087,4,2025-08-08T02:46:01+00:00
86005,TALL DE COMPETENCIAS DIGITALES-P01,65280,73.04,73.04,0,6184,295,1,15,2,14,0,4,50,111,41,93,afternoon,0,0,0.376271186440678,119,47,62.23913043478261,96.29894233529271,4,2025-08-08T17:51:19+00:00
86005,TALL DE COMPETENCIAS DIGITALES-P01,88283,67.98,77.25,0,4391,496,2,5,1,5,0,13,126,185,156,29,afternoon,0,0,0.37298387096774194,131,45,71.86363636363636,105.67092808015984,4,2025-08-12T12:15:41+00:00
86005,TALL DE COMPETENCIAS DIGITALES-P01,116694,73.31,83.31,0,6823,871,2,16,3,13,0,3,193,317,230,131,afternoon,0,0,0.3639494833524684,129,68,46.26865671641791,62.07712633984839,4,2025-07-29T23:01:27+00:00
86005,TALL DE COMPETENCIAS DIGITALES-P01,115906,56.49,74.33,1,6873,845,2,9,2,9,0,9,194,187,366,98,evening,0,1,0.4331360946745562,115,43,66.19047619047619,95.35253838238245,4,2025-08-10T21:16:34+00:00
86005,TALL DE COMPETENCIAS DIGITALES-P01,90909,62.83,71.4,0,14686,237,1,11,2,7,0,11,13,72,44,108,night,0,0,0.45569620253164556,120,44,67.51162790697674,92.92717130698298,4,2025-08-14T14:35:49+00:00
86005,TALL DE COMPETENCIAS DIGITALES-P01,116093,69.11,84.28,0,8739,789,2,17,3,14,0,4,78,314,281,116,afternoon,0,0,0.3979721166032953,127,50,62.57142857142857,73.01663215616406,4,2025-08-09T23:00:40+00:00
86005,TALL DE COMPETENCIAS DIGITALES-P01,117462,84.62,84.62,0,14924,1234,3,20,3,17,0,1,173,511,361,189,afternoon,0,0,0.4141004862236629,146,97,36.53125,60.168851493976234,4,2025-08-08T02:46:00+00:00
86005,TALL DE COMPETENCIAS DIGITALES-P01,90356,78.99,89.76,0,1430,177,1,6,1,5,0,13,0,38,60,79,night,0,0,0.4463276836158192,107,13,215.91666666666666,315.8173148972185,4,2025-08-18T02:05:56+00:00
86005,TALL DE COMPETENCIAS DIGITALES-P01,91729,78.14,88.8,0,8525,670,2,7,2,5,0,11,232,183,189,66,morning,1,0,0.34626865671641793,128,53,59.19230769230769,71.91261750355787,4,2025-07-29T12:13:46+00:00
86005,TALL DE COMPETENCIAS DIGITALES-P01,115214,82.95,88.24,0,10542,564,2,18,3,13,0,5,97,188,85,194,night,0,0,0.34397163120567376,128,55,57.166666666666664,64.88986395766634,4,2025-08-08T02:46:00+00:00
86005,TALL DE COMPETENCIAS DIGITALES-P01,113358,75.9,86.25,0,5358,782,2,13,2,12,0,6,127,133,386,136,evening,0,1,0.4936061381074169,133,75,43.32432432432432,44.09146148513127,4,2025-07-29T23:01:05+00:00
86005,TALL DE COMPETENCIAS DIGITALES-P01,115253,87.15,92.71,0,5727,1505,3,21,3,16,0,2,116,770,527,92,afternoon,0,0,0.5116279069767442,135,86,38.2,45.242821985111306,4,2025-08-08T02:46:00+00:00
86005,TALL DE COMPETENCIAS DIGITALES-P01,88268,81.6,81.6,0,34267,622,2,12,2,10,0,8,49,271,243,59,afternoon,0,0,0.43569131832797425,127,72,43.16901408450704,63.25044918072268,4,2025-08-08T20:55:19+00:00
86005,TALL DE COMPETENCIAS DIGITALES-P01,117762,77.96,88.59,0,8961,1280,3,14,2,13,0,5,253,372,372,283,afternoon,0,1,0.290625,134,68,48.343283582089555,50.234243015174826,4,2025-08-10T23:23:36+00:00
86005,TALL DE COMPETENCIAS DIGITALES-P01,115459,73.89,83.97,0,7361,423,2,11,2,10,0,8,111,247,36,29,afternoon,0,0,0.5839243498817966,120,42,70.3170731707317,103.88958468522154,4,2025-08-08T02:46:00+00:00
86005,TALL DE COMPETENCIAS DIGITALES-P01,87609,51.8,74.0,1,3230,210,1,2,1,2,0,16,58,53,80,19,evening,0,1,0.38095238095238093,111,20,141.0,268.58635776775293,4,2025-08-19T11:49:55+00:00
86005,TALL DE COMPETENCIAS DIGITALES-P01,114072,75.41,85.69,0,35293,2064,3,18,3,15,0,3,671,473,521,399,morning,1,0,0.3250968992248062,131,97,32.875,40.07915345496542,4,2025-08-08T02:46:00+00:00
86005,TALL DE COMPETENCIAS DIGITALES-P01,86824,44.45,63.5,1,5656,223,1,2,1,2,0,16,60,97,46,20,afternoon,0,0,0.4349775784753363,133,39,84.47368421052632,121.47790287301882,4,2025-08-11T19:38:31+00:00
86005,TALL DE COMPETENCIAS DIGITALES-P01,87160,70.83,93.2,0,18865,444,2,8,2,7,0,11,89,166,52,137,afternoon,0,0,0.3738738738738739,129,38,84.27027027027027,122.38610781626089,4,2025-08-09T16:20:55+00:00
86005,TALL DE COMPETENCIAS DIGITALES-P01,116007,80.31,91.26,0,8094,1350,3,17,3,15,0,3,305,472,465,108,afternoon,0,0,0.3496296296296296,129,75,41.891891891891895,63.87647868232232,4,2025-07-29T16:39:03+00:00
86005,TALL DE COMPETENCIAS DIGITALES-P01,114662,57.0,87.69,0,14021,626,2,20,3,16,0,2,66,116,340,104,evening,0,1,0.5431309904153354,136,66,50.323076923076925,52.070693866735766,4,2025-08-11T21:10:53+00:00
86005,TALL DE COMPETENCIAS DIGITALES-P01,117316,68.26,77.57,0,5544,440,2,8,2,7,0,11,28,179,95,138,afternoon,0,0,0.4068181818181818,130,44,72.6046511627907,94.07472031115745,4,2025-08-16T01:26:30+00:00
86005,TALL DE COMPETENCIAS DIGITALES-P01,116344,82.44,82.44,0,2239,792,2,11,2,11,0,7,126,361,135,170,afternoon,0,0,0.45580808080808083,136,55,60.44444444444444,73.52265125057433,4,2025-08-08T02:46:00+00:00
86005,TALL DE COMPETENCIAS DIGITALES-P01,117271,82.75,82.75,0,4613,1289,3,15,2,11,0,4,212,468,416,193,afternoon,0,0,0.3630721489526765,142,76,45.68,56.77233128910596,4,2025-07-30T05:02:51+00:00
86005,TALL DE COMPETENCIAS DIGITALES-P01,114790,56.35,80.5,1,4787,712,2,14,2,11,0,7,242,131,109,230,morning,1,0,0.3398876404494382,151,54,68.62264150943396,78.08128962337165,4,2025-08-08T02:46:00+00:00
86005,TALL DE COMPETENCIAS DIGITALES-P01,67088,28.0,80.0,1,2119,424,2,2,1,2,0,15,69,89,150,116,evening,0,1,0.35377358490566035,93,25,93.16666666666667,115.60084582543311,4,2025-09-02T14:15:16+00:00
86005,TALL DE COMPETENCIAS DIGITALES-P01,115881,85.65,85.65,0,11542,426,2,17,3,15,0,3,55,142,215,14,evening,0,1,0.5046948356807511,146,52,69.07843137254902,89.90339982169859,4,2025-08-08T02:46:01+00:00
86005,TALL DE COMPETENCIAS DIGITALES-P01,115169,74.12,74.12,0,13814,1454,3,20,3,16,0,1,179,625,451,199,afternoon,0,0,0.4298486932599725,140,85,40.273809523809526,51.536014035142315,4,2025-07-31T22:03:07+00:00
86005,TALL DE COMPETENCIAS DIGITALES-P01,117681,83.92,83.92,0,25088,975,2,16,3,14,0,4,221,268,349,137,evening,0,1,0.35794871794871796,136,62,53.52459016393443,57.79177051783525,4,2025-08-08T02:46:00+00:00
86005,TALL DE COMPETENCIAS DIGITALES-P01,115654,67.2,71.49,0,10174,309,1,12,2,11,0,7,94,60,149,6,evening,0,1,0.48220064724919093,121,33,90.8125,128.8444889925448,4,2025-08-08T02:46:01+00:00
86005,TALL DE COMPETENCIAS DIGITALES-P01,88467,72.84,88.83,0,13806,345,1,4,1,4,0,14,35,209,47,54,afternoon,0,0,0.6057971014492753,127,37,84.83333333333333,87.52507577196884,4,2025-08-08T17:51:51+00:00
86005,TALL DE COMPETENCIAS DIGITALES-P01,117583,80.59,85.73,0,6184,579,2,7,2,6,0,8,112,266,175,26,afternoon,0,0,0.459412780656304,126,55,56.351851851851855,68.04278539800374,4,2025-08-11T19:43:40+00:00
86005,TALL DE COMPETENCIAS DIGITALES-P01,117437,89.28,89.28,0,46455,1373,3,29,3,17,0,1,230,538,440,165,afternoon,0,0,0.39184268026219954,135,144,22.755244755244757,29.603254589364862,4,2025-08-08T02:46:00+00:00
86005,TALL DE COMPETENCIAS DIGITALES-P01,114927,82.44,82.44,0,4067,181,1,15,2,14,0,1,19,61,65,36,evening,0,1,0.35911602209944754,138,53,63.94230769230769,64.40479361684503,4,2025-08-08T02:46:00+00:00
86020,TALL DE COMPETENCIAS DIGITALES-P02,113336,64.06,84.29,0,8514,1514,3,11,2,9,0,9,251,457,606,200,evening,0,1,0.4002642007926024,136,52,64.27450980392157,76.24781023699093,4,2025-08-12T23:20:19+00:00
86020,TALL DE COMPETENCIAS DIGITALES-P02,107496,44.43,83.83,1,6587,431,2,10,2,9,0,9,120,143,62,106,afternoon,0,0,0.33178654292343385,116,25,116.08333333333333,103.70748794352102,4,2025-08-10T16:58:33+00:00
86020,TALL DE COMPETENCIAS DIGITALES-P02,116127,27.0,90.0,1,2096,614,2,12,2,11,0,7,64,187,180,183,afternoon,0,0,0.30456026058631924,137,37,91.44444444444444,86.60268293394856,4,2025-08-08T02:46:01+00:00
86020,TALL DE COMPETENCIAS DIGITALES-P02,114199,55.74,85.75,1,4997,1486,3,15,3,13,0,5,130,417,403,536,night,0,0,0.360699865410498,119,42,70.1951219512195,77.65785481990234,4,2025-08-16T23:57:59+00:00
86020,TALL DE COMPETENCIAS DIGITALES-P02,112230,91.95,91.95,0,6153,1396,3,22,3,16,0,2,187,400,595,214,evening,0,1,0.4262177650429799,127,53,59.03846153846154,65.18847277125397,4,2025-08-12T15:43:54+00:00
86020,TALL DE COMPETENCIAS DIGITALES-P02,114020,68.68,83.76,0,10511,1155,3,15,3,12,0,5,202,384,400,169,evening,0,1,0.3463203463203463,138,70,48.21739130434783,61.29966062870746,4,2025-08-08T02:46:01+00:00
86020,TALL DE COMPETENCIAS DIGITALES-P02,119050,49.95,84.66,1,7969,406,2,15,3,12,0,6,14,196,102,94,afternoon,0,0,0.4827586206896552,113,42,66.2439024390244,80.16135571847964,4,2025-08-08T02:46:00+00:00
86020,TALL DE COMPETENCIAS DIGITALES-P02,115247,75.48,80.3,0,24594,393,2,9,2,7,0,10,38,83,162,110,evening,0,1,0.4122137404580153,128,47,66.78260869565217,139.611092284413,4,2025-08-11T20:36:29+00:00
86020,TALL DE COMPETENCIAS DIGITALES-P02,115117,45.13,85.15,1,12272,844,2,11,2,10,0,8,206,208,221,209,evening,0,1,0.2618483412322275,133,59,55.275862068965516,65.05217881888679,4,2025-08-08T02:46:00+00:00
86020,TALL DE COMPETENCIAS DIGITALES-P02,90878,74.38,84.52,0,8321,360,1,14,2,13,0,4,36,92,141,91,evening,0,1,0.39166666666666666,138,58,58.19298245614035,83.02577038031811,4,2025-08-16T22:17:28+00:00
86020,TALL DE COMPETENCIAS DIGITALES-P02,91444,65.29,74.19,0,2088,352,1,5,1,5,0,13,30,142,137,43,afternoon,0,0,0.4034090909090909,129,32,99.96774193548387,154.4938633024851,4,2025-08-17T21:17:38+00:00
86020,TALL DE COMPETENCIAS DIGITALES-P02,120049,43.5,82.08,1,9456,667,2,14,2,13,0,5,131,327,185,24,afternoon,0,0,0.49025487256371814,139,70,48.666666666666664,56.71762414707521,4,2025-08-08T02:46:00+00:00
86020,TALL DE COMPETENCIAS DIGITALES-P02,115626,83.89,83.89,0,22873,536,2,16,3,15,0,2,81,197,210,48,evening,0,1,0.3917910447761194,132,60,53.932203389830505,75.67568277155935,4,2025-08-10T16:00:24+00:00
86020,TALL DE COMPETENCIAS DIGITALES-P02,117257,85.29,85.29,0,40397,753,2,21,3,16,0,2,87,387,251,28,afternoon,0,0,0.5139442231075697,132,86,37.43529411764706,45.31755848748292,4,2025-08-15T19:12:32+00:00
86020,TALL DE COMPETENCIAS DIGITALES-P02,116539,78.35,83.35,0,12741,1075,2,8,1,7,0,10,85,403,222,365,afternoon,0,0,0.37488372093023253,131,80,39.9873417721519,60.016346648939944,4,2025-08-11T00:34:33+00:00
86020,TALL DE COMPETENCIAS DIGITALES-P02,116306,45.84,86.49,1,6242,648,2,10,2,7,0,11,143,241,208,56,afternoon,0,0,0.37191358024691357,145,54,66.0377358490566,100.95187761935694,4,2025-08-08T02:46:00+00:00
86020,TALL DE COMPETENCIAS DIGITALES-P02,117003,68.76,78.14,0,35223,1168,3,17,3,13,0,4,379,452,310,27,afternoon,0,0,0.386986301369863,129,94,33.32258064516129,43.730642117477956,4,2025-08-11T14:10:51+00:00
86020,TALL DE COMPETENCIAS DIGITALES-P02,114617,68.85,78.24,0,7511,1455,3,19,3,14,0,4,142,651,493,169,afternoon,0,0,0.44742268041237115,126,69,44.779411764705884,53.52482810045625,4,2025-08-07T23:53:36+00:00
86020,TALL DE COMPETENCIAS DIGITALES-P02,114942,45.68,55.71,1,1651,301,1,9,2,8,0,10,25,19,236,21,evening,0,1,0.7840531561461794,110,15,190.21428571428572,215.15581681703165,4,2025-08-11T00:27:13+00:00
86020,TALL DE COMPETENCIAS DIGITALES-P02,118218,76.74,87.2,0,18922,958,2,17,3,13,0,5,197,161,233,367,night,0,0,0.38308977035490605,123,53,56.96153846153846,75.20765139533589,4,2025-08-08T17:56:15+00:00
86020,TALL DE COMPETENCIAS DIGITALES-P02,116782,5.7,95.0,1,656,257,1,7,1,7,0,11,104,61,92,0,morning,1,0,0.4046692607003891,141,18,199.47058823529412,176.2438543432696,4,2025-08-08T02:46:01+00:00
86020,TALL DE COMPETENCIAS DIGITALES-P02,118190,84.08,89.45,0,15468,1932,3,20,3,13,0,5,521,567,464,380,afternoon,0,0,0.29347826086956524,128,86,36.37647058823529,50.09144026221698,4,2025-07-28T21:00:58+00:00
86020,TALL DE COMPETENCIAS DIGITALES-P02,118738,86.7,86.7,0,5207,580,2,15,3,12,0,5,98,166,235,81,evening,0,1,0.4051724137931034,127,54,57.867924528301884,48.827782740879506,4,2025-08-12T01:06:59+00:00
86020,TALL DE COMPETENCIAS DIGITALES-P02,117823,35.4,66.79,1,1968,697,2,17,3,13,0,5,75,157,155,310,night,0,0,0.4447632711621234,128,45,69.88636363636364,81.14947373074493,4,2025-08-10T22:45:14+00:00
86020,TALL DE COMPETENCIAS DIGITALES-P02,116277,55.96,94.85,1,12473,464,2,15,3,14,0,4,111,150,113,90,afternoon,0,0,0.3232758620689655,115,46,61.733333333333334,73.12345724868321,4,2025-08-11T00:31:08+00:00
86020,TALL DE COMPETENCIAS DIGITALES-P02,86813,75.0,91.46,0,8734,1551,3,14,2,13,0,5,367,419,456,309,evening,0,1,0.2940038684719536,129,79,39.73076923076923,49.91214668382609,4,2025-08-08T02:46:00+00:00
86020,TALL DE COMPETENCIAS DIGITALES-P02,107759,85.14,85.14,0,9192,1153,3,14,2,13,0,5,249,309,403,192,evening,0,1,0.34952298352124894,127,73,42.625,55.98671407376734,4,2025-07-31T15:10:34+00:00
86020,TALL DE COMPETENCIAS DIGITALES-P02,120156,62.87,76.67,0,6464,262,1,11,2,9,0,9,25,72,137,28,evening,0,1,0.5229007633587787,123,31,98.4,148.48043642177242,4,2025-08-12T00:18:56+00:00
86020,TALL DE COMPETENCIAS DIGITALES-P02,115989,82.9,88.19,0,12366,605,2,14,2,11,0,6,147,177,132,149,afternoon,0,0,0.29256198347107437,119,47,62.369565217391305,90.80182882080223,4,2025-08-11T03:14:27+00:00
86020,TALL DE COMPETENCIAS DIGITALES-P02,114253,72.09,81.92,0,4288,712,2,8,1,7,0,11,94,299,251,68,afternoon,0,0,0.4199438202247191,117,40,72.51282051282051,107.7796593232674,4,2025-08-10T17:16:21+00:00
86020,TALL DE COMPETENCIAS DIGITALES-P02,114329,57.1,87.85,0,6957,1339,3,18,3,15,0,3,154,319,614,252,evening,0,1,0.4585511575802838,132,84,38.40963855421687,40.70849535226352,4,2025-08-10T03:13:57+00:00
86020,TALL DE COMPETENCIAS DIGITALES-P02,119979,66.78,75.89,0,5094,804,2,10,2,8,0,9,114,137,322,231,evening,0,1,0.40049751243781095,125,37,83.72222222222223,92.62397431164325,4,2025-08-10T22:30:09+00:00
86020,TALL DE COMPETENCIAS DIGITALES-P02,120260,68.96,90.74,0,10739,493,2,10,2,9,0,9,115,132,116,130,afternoon,0,0,0.26774847870182555,128,56,56.163636363636364,56.80389347614816,4,2025-08-08T17:51:32+00:00
86020,TALL DE COMPETENCIAS DIGITALES-P02,113271,69.18,73.6,0,12239,2941,3,19,3,15,0,3,340,432,1369,800,evening,0,1,0.46548792927575655,142,94,36.655913978494624,50.973637425013,4,2025-07-28T14:22:08+00:00
86020,TALL DE COMPETENCIAS DIGITALES-P02,89047,80.94,91.98,0,8314,1015,2,15,3,13,0,4,250,301,272,192,afternoon,0,0,0.296551724137931,131,46,70.24444444444444,65.04875284671935,4,2025-07-30T19:25:14+00:00
86020,TALL DE COMPETENCIAS DIGITALES-P02,119471,73.48,83.5,0,4221,931,2,15,3,12,0,6,12,185,315,419,night,0,0,0.45005370569280345,126,47,65.84782608695652,70.07572531114322,4,2025-08-08T02:46:01+00:00
86020,TALL DE COMPETENCIAS DIGITALES-P02,108950,45.06,85.02,1,19686,959,2,10,2,9,0,9,123,199,415,222,evening,0,1,0.43274244004171014,118,47,61.71739130434783,123.39379574345428,4,2025-08-09T03:04:29+00:00
86020,TALL DE COMPETENCIAS DIGITALES-P02,113046,62.21,70.69,0,6884,477,2,13,2,12,0,5,69,234,134,40,afternoon,0,0,0.49056603773584906,128,54,58.301886792452834,59.63966797727847,4,2025-08-08T02:46:01+00:00
86020,TALL DE COMPETENCIAS DIGITALES-P02,88378,80.04,90.95,0,5497,232,1,6,1,5,0,13,24,49,139,20,evening,0,1,0.5991379310344828,143,25,143.5,211.40876676870963,4,2025-08-18T01:24:55+00:00
86020,TALL DE COMPETENCIAS DIGITALES-P02,108713,87.4,87.4,0,10150,212,1,9,2,9,0,9,35,75,64,38,afternoon,0,0,0.35377358490566035,117,34,85.33333333333333,138.8816078899615,4,2025-08-16T20:11:45+00:00
86020,TALL DE COMPETENCIAS DIGITALES-P02,118747,76.89,76.89,0,5853,1085,3,19,3,14,0,4,111,364,376,234,evening,0,1,0.34654377880184334,132,47,68.95652173913044,86.88296889237772,4,2025-08-12T23:05:32+00:00
86020,TALL DE COMPETENCIAS DIGITALES-P02,114824,71.0,75.53,0,2794,538,2,9,2,7,0,8,85,267,164,22,afternoon,0,0,0.4962825278810409,135,34,98.66666666666667,139.07718952604932,4,2025-08-08T02:46:01+00:00
86020,TALL DE COMPETENCIAS DIGITALES-P02,91423,78.3,88.98,0,4567,1189,3,13,2,11,0,7,335,556,236,62,afternoon,0,0,0.46761984861227923,129,75,41.86486486486486,60.54601205969795,4,2025-08-08T02:46:01+00:00
86020,TALL DE COMPETENCIAS DIGITALES-P02,117643,48.08,90.72,1,4746,510,2,7,1,5,0,13,149,86,231,44,evening,0,1,0.45294117647058824,125,40,77.0,101.63055264421831,4,2025-08-08T02:46:01+00:00
86020,TALL DE COMPETENCIAS DIGITALES-P02,68552,49.5,60.37,1,5545,289,1,10,2,9,0,9,6,33,133,117,evening,0,1,0.4602076124567474,116,25,116.33333333333333,104.30510800318245,4,2025-08-13T18:24:02+00:00
86020,TALL DE COMPETENCIAS DIGITALES-P02,109982,65.62,80.02,0,10090,420,2,10,2,10,0,8,58,124,153,85,evening,0,1,0.36428571428571427,124,53,57.28846153846154,69.2590834193947,4,2025-08-08T18:05:42+00:00
86020,TALL DE COMPETENCIAS DIGITALES-P02,116275,27.0,90.0,1,2415,533,2,13,2,11,0,7,88,153,222,70,evening,0,1,0.4165103189493433,129,28,115.37037037037037,145.9033541482672,4,2025-08-10T01:38:10+00:00
84944,FUNDAMENTOS DE MACROECONOMÍA-P03,86579,82.35,82.35,0,7277,148,2,2,3,2,0,0,7,71,0,70,afternoon,0,0,0.4797297297297297,29,13,59.75,139.45855118995036,2,2025-11-05T04:07:18+00:00
84944,FUNDAMENTOS DE MACROECONOMÍA-P03,91343,82.35,82.35,0,4006,342,3,2,3,2,0,0,68,122,83,69,afternoon,0,0,0.3567251461988304,128,26,123.36,212.3348073208912,2,2025-08-27T01:54:23+00:00
84944,FUNDAMENTOS DE MACROECONOMÍA-P03,86350,35.29,75.0,1,1381,152,2,1,2,1,0,1,68,48,8,28,morning,1,0,0.4473684210526316,113,10,301.77777777777777,549.8011312744067,2,2025-08-13T18:18:16+00:00
84944,FUNDAMENTOS DE MACROECONOMÍA-P03,84148,76.47,76.47,0,7489,432,3,3,3,2,0,0,169,147,95,21,morning,1,0,0.3912037037037037,113,25,113.29166666666667,223.43333815082795,2,2025-10-15T13:08:40+00:00
84944,FUNDAMENTOS DE MACROECONOMÍA-P03,114020,41.18,87.5,1,1022,207,2,1,2,1,0,1,80,65,20,42,morning,1,0,0.3864734299516908,128,14,236.6153846153846,393.44524366589263,2,2025-10-21T21:55:17+00:00
84944,FUNDAMENTOS DE MACROECONOMÍA-P03,88793,29.41,62.5,1,1499,102,1,1,2,1,0,1,0,23,30,49,night,0,0,0.4803921568627451,104,6,499.2,673.1981580485793,2,2025-08-22T01:50:05+00:00
84944,FUNDAMENTOS DE MACROECONOMÍA-P03,81133,88.24,88.24,0,3822,298,3,2,3,2,0,0,57,201,40,0,afternoon,0,0,0.674496644295302,99,19,132.33333333333334,281.8352552664608,2,2025-10-15T13:51:20+00:00
84944,FUNDAMENTOS DE MACROECONOMÍA-P03,89397,35.29,75.0,1,648,80,1,0,0,1,0,1,0,76,4,0,afternoon,0,0,0.95,7,4,56.666666666666664,77.31465291621994,2,2025-11-26T19:35:26+00:00
84944,FUNDAMENTOS DE MACROECONOMÍA-P03,90878,82.35,82.35,0,6314,83,1,2,3,2,0,0,0,27,16,40,night,0,0,0.4819277108433735,15,10,40.77777777777778,64.495956424118,2,2025-11-19T18:35:55+00:00
84944,FUNDAMENTOS DE MACROECONOMÍA-P03,91444,70.59,70.59,0,4937,232,2,2,3,2,0,0,66,166,0,0,afternoon,0,0,0.7155172413793104,112,11,271.1,400.32123351128905,2,2025-09-10T17:10:28+00:00
84944,FUNDAMENTOS DE MACROECONOMÍA-P03,89382,35.29,75.0,1,1390,311,3,1,2,1,0,1,78,145,9,79,afternoon,0,0,0.4662379421221865,130,10,346.77777777777777,540.9495309746819,2,2025-11-05T17:30:56+00:00
84944,FUNDAMENTOS DE MACROECONOMÍA-P03,65280,35.29,75.0,1,13548,286,2,1,2,1,0,1,72,197,9,8,afternoon,0,0,0.6888111888111889,104,17,157.0625,437.08100918908616,2,2025-11-05T17:02:52+00:00
84944,FUNDAMENTOS DE MACROECONOMÍA-P03,65613,76.47,76.47,0,1549,278,2,4,3,2,0,0,98,119,0,61,afternoon,0,0,0.42805755395683454,92,14,169.92307692307693,292.0343661385029,2,2025-09-03T17:07:16+00:00
84944,FUNDAMENTOS DE MACROECONOMÍA-P03,90041,70.59,70.59,0,4312,196,2,2,3,2,0,0,46,107,43,0,afternoon,0,0,0.5459183673469388,29,16,47.46666666666667,95.50557866195855,2,2025-11-05T18:14:43+00:00
84944,FUNDAMENTOS DE MACROECONOMÍA-P03,90909,82.35,82.35,0,5988,316,3,2,3,2,0,0,76,224,1,15,afternoon,0,0,0.7088607594936709,112,19,149.55555555555554,302.9191718781728,2,2025-08-14T14:37:35+00:00
84944,FUNDAMENTOS DE MACROECONOMÍA-P03,90356,76.47,76.47,0,4404,111,1,2,3,2,0,0,52,32,14,13,morning,1,0,0.46846846846846846,29,8,102.0,176.71930931766988,2,2025-11-05T00:19:19+00:00
84944,FUNDAMENTOS DE MACROECONOMÍA-P03,89330,35.29,75.0,1,2275,177,2,1,2,1,0,1,27,117,18,15,afternoon,0,0,0.6610169491525424,85,16,136.06666666666666,235.26395577922446,2,2025-11-05T01:15:06+00:00
84944,FUNDAMENTOS DE MACROECONOMÍA-P03,86667,64.71,64.71,0,730,184,2,2,3,2,0,0,39,130,0,15,afternoon,0,0,0.7065217391304348,29,10,79.22222222222223,106.57889907667024,2,2025-11-05T02:26:02+00:00
84944,FUNDAMENTOS DE MACROECONOMÍA-P03,86813,76.47,76.47,0,4922,439,3,2,3,2,0,0,230,162,0,47,morning,1,0,0.5239179954441914,30,18,42.88235294117647,68.15370375584983,2,2025-11-04T11:44:24+00:00
84944,FUNDAMENTOS DE MACROECONOMÍA-P03,89774,35.29,75.0,1,7309,200,2,1,2,1,0,1,25,139,23,13,afternoon,0,0,0.695,107,15,184.64285714285714,277.75853005876917,2,2025-08-19T01:36:59+00:00
84944,FUNDAMENTOS DE MACROECONOMÍA-P03,89252,35.29,75.0,1,1046,163,2,1,2,1,0,1,37,66,13,47,afternoon,0,0,0.4049079754601227,105,10,280.55555555555554,597.4927449324498,2,2025-08-22T00:12:03+00:00
84944,FUNDAMENTOS DE MACROECONOMÍA-P03,89322,23.53,50.0,1,2651,118,1,1,2,1,0,1,21,95,2,0,afternoon,0,0,0.8050847457627118,104,9,314.25,640.3633246056492,2,2025-08-22T01:54:03+00:00
84944,FUNDAMENTOS DE MACROECONOMÍA-P03,87609,88.24,88.24,0,3603,304,3,2,3,2,0,0,152,124,19,9,morning,1,0,0.5,99,18,141.05882352941177,280.7373632561717,2,2025-09-10T17:15:49+00:00
84944,FUNDAMENTOS DE MACROECONOMÍA-P03,114072,35.29,75.0,1,2381,640,3,1,2,1,0,1,117,359,71,93,afternoon,0,0,0.5609375,85,30,71.03448275862068,132.09648583349994,2,2025-10-22T18:51:08+00:00
84944,FUNDAMENTOS DE MACROECONOMÍA-P03,86858,70.59,70.59,0,1192,221,2,2,3,2,0,0,125,60,36,0,morning,1,0,0.5656108597285068,113,16,181.06666666666666,491.13276774774005,2,2025-11-03T22:09:08+00:00
84944,FUNDAMENTOS DE MACROECONOMÍA-P03,86824,76.47,76.47,0,5012,145,2,2,3,2,0,0,55,75,12,3,afternoon,0,0,0.5172413793103449,99,15,171.21428571428572,283.87954653122773,2,2025-08-26T23:12:55+00:00
84944,FUNDAMENTOS DE MACROECONOMÍA-P03,90124,58.82,58.82,0,5896,146,2,2,3,2,0,0,56,43,47,0,morning,1,0,0.3835616438356164,15,12,32.72727272727273,87.000617457674,2,2025-11-19T18:34:44+00:00
84944,FUNDAMENTOS DE MACROECONOMÍA-P03,87207,64.71,64.71,0,2721,314,3,2,3,2,0,0,163,73,78,0,morning,1,0,0.5191082802547771,30,13,61.5,92.78245164541264,2,2025-11-04T00:50:12+00:00
84944,FUNDAMENTOS DE MACROECONOMÍA-P03,82222,35.29,75.0,1,636,248,2,1,2,1,0,1,51,173,21,3,afternoon,0,0,0.6975806451612904,98,12,215.8181818181818,350.741504965958,2,2025-10-15T12:20:31+00:00
84944,FUNDAMENTOS DE MACROECONOMÍA-P03,91026,82.35,82.35,0,2949,281,2,2,3,2,0,0,19,226,0,36,afternoon,0,0,0.8042704626334519,85,12,186.36363636363637,255.6145083118408,2,2025-10-08T14:36:12+00:00
84944,FUNDAMENTOS DE MACROECONOMÍA-P03,89047,41.18,87.5,1,1655,247,2,1,2,1,0,1,2,121,52,72,afternoon,0,0,0.4898785425101215,109,18,155.11764705882354,186.02399666612942,2,2025-08-16T21:39:41+00:00
84944,FUNDAMENTOS DE MACROECONOMÍA-P03,89878,35.29,75.0,1,8261,120,1,0,0,1,0,1,23,74,8,15,afternoon,0,0,0.6166666666666667,97,17,145.5,279.39890837295695,2,2025-11-05T01:45:57+00:00
84944,FUNDAMENTOS DE MACROECONOMÍA-P03,88378,82.35,82.35,0,2791,191,2,2,3,2,0,0,18,173,0,0,afternoon,0,0,0.9057591623036649,102,12,222.72727272727272,333.6920439046895,2,2025-08-24T16:50:27+00:00
84944,FUNDAMENTOS DE MACROECONOMÍA-P03,64515,41.18,87.5,1,1269,134,1,1,2,1,0,1,44,61,8,21,afternoon,0,0,0.4552238805970149,30,12,66.0,149.5939959903593,2,2025-11-04T12:30:55+00:00
84944,FUNDAMENTOS DE MACROECONOMÍA-P03,91423,76.47,76.47,0,704,290,3,2,3,2,0,0,107,93,90,0,morning,1,0,0.3689655172413793,29,12,63.72727272727273,96.00008608811567,2,2025-11-05T13:41:49+00:00
84944,FUNDAMENTOS DE MACROECONOMÍA-P03,88467,82.35,82.35,0,6753,181,2,2,3,2,0,0,74,92,15,0,afternoon,0,0,0.5082872928176796,89,16,143.93333333333334,243.8476209074475,2,2025-09-05T19:42:01+00:00
84944,FUNDAMENTOS DE MACROECONOMÍA-P03,90158,64.71,64.71,0,3372,145,2,2,3,2,0,0,34,71,24,16,afternoon,0,0,0.4896551724137931,31,9,93.25,178.9125135366445,2,2025-11-04T00:53:03+00:00
84944,FUNDAMENTOS DE MACROECONOMÍA-P03,39584,41.18,87.5,1,840,138,1,1,2,1,0,1,25,80,33,0,afternoon,0,0,0.5797101449275363,43,9,129.0,129.8605020781916,2,2025-10-22T18:47:39+00:00
86676,FUND DE BUSINESS ANALYTICS-P01,117656,76.21,91.65,0,17979,1664,3,5,3,5,0,0,544,537,388,195,morning,1,0,0.3269230769230769,119,89,32.71590909090909,51.998240543580884,10,2025-07-31T15:46:39+00:00
86676,FUND DE BUSINESS ANALYTICS-P01,89587,79.47,95.57,0,4406,1430,3,5,3,5,0,1,531,312,324,263,morning,1,0,0.3713286713286713,121,60,49.45762711864407,52.75312571152098,10,2025-07-29T22:38:26+00:00
86676,FUND DE BUSINESS ANALYTICS-P01,114353,20.0,100.0,1,6768,699,2,1,2,3,0,3,59,190,265,185,evening,0,1,0.3791130185979971,109,42,63.80487804878049,78.03570774665732,10,2025-08-13T20:45:46+00:00
86676,FUND DE BUSINESS ANALYTICS-P01,112230,40.53,98.72,1,3308,1050,3,2,2,4,0,2,283,103,561,103,evening,0,1,0.5342857142857143,113,37,75.33333333333333,96.18616209090462,10,2025-08-14T13:22:52+00:00
86676,FUND DE BUSINESS ANALYTICS-P01,118521,35.58,86.67,1,2001,769,2,1,2,2,0,3,265,112,300,92,evening,0,1,0.39011703511053314,122,34,88.96969696969697,101.46726143112573,10,2025-07-31T15:49:24+00:00
86676,FUND DE BUSINESS ANALYTICS-P01,116250,17.68,88.42,1,16640,936,3,1,2,3,0,3,436,125,219,156,morning,1,0,0.4658119658119658,126,48,64.55319148936171,94.65161394149223,10,2025-07-25T06:06:50+00:00
86676,FUND DE BUSINESS ANALYTICS-P01,116714,64.21,96.83,0,5392,377,2,3,2,5,0,1,67,108,126,76,evening,0,1,0.33421750663129973,119,41,71.975,106.18886182175605,10,2025-07-31T15:22:15+00:00
86676,FUND DE BUSINESS ANALYTICS-P01,11440,34.53,84.1,1,11004,559,2,1,2,3,0,3,260,119,94,86,morning,1,0,0.46511627906976744,128,60,52.355932203389834,75.8903675609611,10,2025-07-28T14:17:47+00:00
86676,FUND DE BUSINESS ANALYTICS-P01,113389,14.74,73.68,1,2120,689,2,0,0,1,0,4,314,96,142,137,morning,1,0,0.45573294629898403,119,29,102.82142857142857,117.32313545181488,10,2025-07-31T15:54:19+00:00
86676,FUND DE BUSINESS ANALYTICS-P01,117257,79.79,95.95,0,51469,843,2,5,3,6,0,0,382,224,160,77,morning,1,0,0.4531435349940688,107,67,39.07575757575758,52.14121577026985,10,2025-08-14T15:10:18+00:00
86676,FUND DE BUSINESS ANALYTICS-P01,65280,76.38,91.85,0,89188,562,2,6,3,6,0,0,135,201,191,35,afternoon,0,0,0.35765124555160144,118,48,60.361702127659576,87.79241122923546,10,2025-08-04T15:03:13+00:00
86676,FUND DE BUSINESS ANALYTICS-P01,116539,35.26,95.71,1,6163,896,3,2,2,4,0,2,183,298,258,157,afternoon,0,0,0.3325892857142857,123,55,54.96296296296296,80.38310191017969,10,2025-07-28T01:40:31+00:00
86676,FUND DE BUSINESS ANALYTICS-P01,116694,52.74,91.09,1,22938,572,2,4,2,4,0,2,235,114,176,47,morning,1,0,0.41083916083916083,106,45,58.20454545454545,80.78101136728026,10,2025-08-13T21:08:00+00:00
86676,FUND DE BUSINESS ANALYTICS-P01,116306,43.47,96.05,1,5942,885,3,1,2,3,0,3,378,203,289,15,morning,1,0,0.4271186440677966,115,60,46.88135593220339,68.93600194574054,10,2025-08-07T16:13:31+00:00
86676,FUND DE BUSINESS ANALYTICS-P01,116093,38.74,94.36,1,10941,709,2,5,3,6,0,0,114,490,88,17,afternoon,0,0,0.691114245416079,108,37,72.30555555555556,91.82526263520671,10,2025-08-19T01:06:25+00:00
86676,FUND DE BUSINESS ANALYTICS-P01,117462,82.19,98.84,0,6374,546,2,7,3,6,0,0,128,183,167,68,afternoon,0,0,0.33516483516483514,128,50,63.142857142857146,103.12623530490805,10,2025-07-29T23:02:12+00:00
86676,FUND DE BUSINESS ANALYTICS-P01,115214,82.0,98.61,0,6878,634,2,4,2,6,0,0,73,310,117,134,afternoon,0,0,0.4889589905362776,112,35,79.44117647058823,103.21855486880328,10,2025-08-14T04:17:59+00:00
86676,FUND DE BUSINESS ANALYTICS-P01,113358,18.95,94.74,1,1101,425,2,1,2,3,0,3,143,36,150,96,evening,0,1,0.35294117647058826,127,41,76.725,95.65693584367,10,2025-07-26T00:12:25+00:00
86676,FUND DE BUSINESS ANALYTICS-P01,118738,19.47,97.37,1,2612,294,1,0,0,2,0,4,16,56,179,43,evening,0,1,0.608843537414966,112,19,150.0,164.85751423577878,10,2025-08-08T02:36:08+00:00
86676,FUND DE BUSINESS ANALYTICS-P01,115253,39.89,97.18,1,5154,1187,3,4,2,6,0,0,184,462,470,71,evening,0,1,0.3959561920808762,121,48,62.191489361702125,89.90979836737847,10,2025-07-29T19:45:51+00:00
86676,FUND DE BUSINESS ANALYTICS-P01,115989,81.89,98.48,0,22658,835,2,6,3,6,0,0,285,186,255,109,morning,1,0,0.3413173652694611,113,56,49.4,88.1008925762235,10,2025-08-14T15:32:15+00:00
86676,FUND DE BUSINESS ANALYTICS-P01,114253,20.0,100.0,1,556,151,1,0,0,2,0,4,71,63,17,0,morning,1,0,0.47019867549668876,114,13,228.58333333333334,166.45292544406928,10,2025-09-08T13:41:12+00:00
86676,FUND DE BUSINESS ANALYTICS-P01,115459,19.47,97.37,1,2276,316,2,1,2,3,0,3,129,118,69,0,morning,1,0,0.40822784810126583,106,22,121.23809523809524,144.96630306710352,10,2025-08-14T15:10:18+00:00
86676,FUND DE BUSINESS ANALYTICS-P01,89624,43.05,88.91,1,1951,136,1,4,2,4,0,2,12,14,27,83,night,0,0,0.6102941176470589,123,38,79.78378378378379,91.1183178353422,10,2025-07-30T04:02:35+00:00
86676,FUND DE BUSINESS ANALYTICS-P01,116007,18.21,91.05,1,7283,866,2,1,2,3,0,3,302,152,389,23,evening,0,1,0.4491916859122402,120,55,53.370370370370374,72.0008478078419,10,2025-08-02T23:27:15+00:00
86676,FUND DE BUSINESS ANALYTICS-P01,113271,78.53,94.43,0,33261,2222,3,8,3,6,0,0,421,731,505,565,afternoon,0,0,0.32898289828982896,125,84,36.19277108433735,61.23044715324355,10,2025-07-28T16:47:44+00:00
86676,FUND DE BUSINESS ANALYTICS-P01,114662,78.95,94.94,0,10492,365,2,6,3,6,0,0,151,60,89,65,morning,1,0,0.4136986301369863,124,48,63.787234042553195,79.17632790714734,10,2025-07-26T16:15:47+00:00
86676,FUND DE BUSINESS ANALYTICS-P01,117271,35.58,86.67,1,10886,1533,3,1,2,2,0,3,372,328,533,300,evening,0,1,0.3476842791911285,106,48,54.51063829787234,81.46500941611093,10,2025-08-13T20:54:17+00:00
86676,FUND DE BUSINESS ANALYTICS-P01,67088,14.69,73.47,1,3073,700,2,0,0,2,0,4,283,57,201,159,morning,1,0,0.4042857142857143,115,33,86.9375,103.84782662025239,10,2025-08-07T21:01:00+00:00
86676,FUND DE BUSINESS ANALYTICS-P01,115881,18.84,94.21,1,10483,190,1,6,3,5,0,1,15,79,86,10,evening,0,1,0.45263157894736844,106,27,98.57692307692308,149.74598314297322,10,2025-08-13T20:50:48+00:00
86676,FUND DE BUSINESS ANALYTICS-P01,115169,18.84,94.21,1,4667,800,2,4,2,5,0,1,233,267,241,59,afternoon,0,0,0.33375,124,46,66.55555555555556,96.24680209534365,10,2025-08-13T20:44:55+00:00
86676,FUND DE BUSINESS ANALYTICS-P01,114824,20.0,100.0,1,2315,318,2,0,0,2,0,4,84,114,69,51,afternoon,0,0,0.3584905660377358,123,18,174.2941176470588,179.24966640575482,10,2025-08-15T17:19:43+00:00
86676,FUND DE BUSINESS ANALYTICS-P01,117643,59.16,95.25,0,2133,449,2,3,2,5,0,1,164,83,181,21,evening,0,1,0.40311804008908686,106,27,97.88461538461539,113.21467930205631,10,2025-08-13T21:09:29+00:00
86676,FUND DE BUSINESS ANALYTICS-P01,117681,40.08,97.64,1,21299,861,2,3,2,4,0,2,249,387,195,30,afternoon,0,0,0.44947735191637633,106,48,54.4468085106383,87.10566059008836,10,2025-08-13T21:06:00+00:00
86676,FUND DE BUSINESS ANALYTICS-P01,89730,14.69,73.47,1,3685,125,1,0,0,2,0,4,39,40,34,12,afternoon,0,0,0.32,42,17,63.0625,77.69448882481949,10,2025-10-23T12:25:22+00:00
86676,FUND DE BUSINESS ANALYTICS-P01,117437,38.74,94.36,1,35731,988,3,2,2,4,0,2,287,404,195,102,afternoon,0,0,0.4089068825910931,122,81,36.6375,46.616586037053374,10,2025-08-13T20:12:50+00:00
84941,FUNDAMENTOS DE MICROECONOMÍA-P01,85203,100.0,100.0,0,9809,349,3,1,3,1,0,0,37,149,88,75,afternoon,0,0,0.4269340974212034,105,24,110.56521739130434,262.1938920933127,3,2025-08-09T15:59:27+00:00
84941,FUNDAMENTOS DE MICROECONOMÍA-P01,81015,100.0,100.0,0,6099,376,3,1,3,1,0,0,62,194,116,4,afternoon,0,0,0.5159574468085106,97,33,73.40625,120.75281036455218,3,2025-08-07T21:32:19+00:00
84941,FUNDAMENTOS DE MICROECONOMÍA-P01,84148,83.33,83.33,0,7636,297,3,1,3,1,0,0,56,189,48,4,afternoon,0,0,0.6363636363636364,104,14,193.53846153846155,394.52515087704637,3,2025-08-13T18:25:06+00:00
84941,FUNDAMENTOS DE MICROECONOMÍA-P01,89681,100.0,100.0,0,4020,193,2,1,3,1,0,0,14,99,59,21,afternoon,0,0,0.5129533678756477,125,22,143.85714285714286,226.5388194872876,3,2025-08-08T20:05:28+00:00
84941,FUNDAMENTOS DE MICROECONOMÍA-P01,87988,100.0,100.0,0,572,86,1,1,3,1,0,0,9,10,67,0,evening,0,1,0.7790697674418605,49,9,148.5,265.40064054180425,3,2025-08-26T23:43:01+00:00
84941,FUNDAMENTOS DE MICROECONOMÍA-P01,88299,83.33,83.33,0,2353,250,2,1,3,1,0,0,26,111,110,3,afternoon,0,0,0.444,129,18,182.64705882352942,321.05596748239293,3,2025-08-06T18:16:36+00:00
84941,FUNDAMENTOS DE MICROECONOMÍA-P01,89907,83.33,83.33,0,6789,455,3,1,3,1,0,0,58,152,199,46,evening,0,1,0.43736263736263736,104,30,86.79310344827586,179.82757628855728,3,2025-08-06T18:12:33+00:00
84941,FUNDAMENTOS DE MICROECONOMÍA-P01,88283,83.33,83.33,0,5327,293,3,1,3,1,0,0,41,161,88,3,afternoon,0,0,0.5494880546075085,90,30,74.62068965517241,112.35148474169046,3,2025-08-13T18:25:52+00:00
84941,FUNDAMENTOS DE MICROECONOMÍA-P01,87188,50.0,50.0,1,2860,303,3,1,3,1,0,0,64,172,21,46,afternoon,0,0,0.5676567656765676,72,21,86.45,105.43171961037153,3,2025-08-04T18:08:16+00:00
84941,FUNDAMENTOS DE MICROECONOMÍA-P01,91729,100.0,100.0,0,9453,444,3,1,3,1,0,0,117,201,103,23,afternoon,0,0,0.4527027027027027,98,31,79.0,163.03394329607153,3,2025-08-13T18:17:58+00:00
84941,FUNDAMENTOS DE MICROECONOMÍA-P01,91787,83.33,83.33,0,867,285,2,1,3,1,0,0,37,201,47,0,afternoon,0,0,0.7052631578947368,43,13,86.0,195.69236060715298,3,2025-08-26T17:50:09+00:00
84941,FUNDAMENTOS DE MICROECONOMÍA-P01,88268,100.0,100.0,0,9968,232,2,1,3,1,0,0,33,172,25,2,afternoon,0,0,0.7413793103448276,80,23,88.22727272727273,106.10540720442351,3,2025-08-04T18:27:30+00:00
84941,FUNDAMENTOS DE MICROECONOMÍA-P01,91765,100.0,100.0,0,7322,166,2,1,3,1,0,0,15,137,11,3,afternoon,0,0,0.8253012048192772,58,12,126.63636363636364,284.5216952032346,3,2025-09-22T17:11:25+00:00
84941,FUNDAMENTOS DE MICROECONOMÍA-P01,67640,83.33,83.33,0,2347,162,2,1,3,1,0,0,50,72,31,9,afternoon,0,0,0.4444444444444444,123,14,227.84615384615384,331.9946353027749,3,2025-08-04T18:12:50+00:00
84941,FUNDAMENTOS DE MICROECONOMÍA-P01,89894,83.33,83.33,0,513,310,3,1,3,1,0,0,24,165,99,22,afternoon,0,0,0.532258064516129,75,17,113.6875,206.52503442379572,3,2025-08-04T18:08:58+00:00
